arch,deploy,tag,policy,offered_load,rep,instances,sent,completed,throughput,loss_pct,lat_mean_ms,lat_p50_ms,lat_p95_ms,lat_p99_ms,jitter_ms,measured_mean_ms,queue_ms,exec_ms,comm_ms,comm_user_gw_ms,comm_gw_site_ms,link_ms,admit_ms_mean,admit_ms_p95,edge_instances,edge_task_share_pct,edge_lat_mean_ms,edge_loss_pct,core_instances,core_task_share_pct,core_lat_mean_ms,core_loss_pct,cloud_instances,cloud_task_share_pct,cloud_lat_mean_ms,cloud_loss_pct,svc_vRAN-DU_lat_mean_ms,svc_vRAN-DU_lat_p95_ms,svc_vRAN-DU_loss_pct,svc_vRAN-DU_tiers,svc_UPF_lat_mean_ms,svc_UPF_lat_p95_ms,svc_UPF_loss_pct,svc_UPF_tiers,svc_IMS-CSCF_lat_mean_ms,svc_IMS-CSCF_lat_p95_ms,svc_IMS-CSCF_loss_pct,svc_IMS-CSCF_tiers,svc_Transcoder_lat_mean_ms,svc_Transcoder_lat_p95_ms,svc_Transcoder_loss_pct,svc_Transcoder_tiers,svc_IoT-GW_lat_mean_ms,svc_IoT-GW_lat_p95_ms,svc_IoT-GW_loss_pct,svc_IoT-GW_tiers,cpu_cloud-1,rss_cloud-1,cpu_core-1,rss_core-1,cpu_driver,rss_driver,cpu_edge-A,rss_edge-A,cpu_edge-B,rss_edge-B,cpu_manager,rss_manager,msgs_per_s_manager,link_edge-A<->core-1_reserved_mbps,link_edge-B<->core-1_reserved_mbps,link_edge-A<->edge-B_reserved_mbps,link_core-1<->cloud-1_reserved_mbps,cpu_gw-A,rss_gw-A,cpu_gw-B,rss_gw-B,cpu_orchestrator,rss_orchestrator,cpu_registry,rss_registry,cpu_telemetry,rss_telemetry,msgs_per_s_registry,msgs_per_s_orchestrator,msgs_per_s_telemetry
s2,local,,least_loaded,200,1,10,2985,2985,199.0,0.0,27.5,15.61,63.27,72.18,2.82,5.99,0.28,4.28,1.43,,,21.51,2.58,3.47,2,22.8,6.76,0.0,4,44.6,15.74,0.0,4,32.6,58.16,0.0,6.76,13.77,0.0,edge,16.48,21.7,0.0,core,55.37,60.91,0.0,cloud,63.38,73.09,0.0,cloud,15.0,19.83,0.0,core,28.7,168.5,22.8,167.6,12.6,28.3,9.5,96.3,10.0,96.9,0.7,23.0,4.0,670.0,670.0,0.0,500.0,,,,,,,,,,,,,
s2,local,,least_loaded,400,1,10,6172,6172,411.3,0.0,33.17,21.23,75.38,94.86,5.33,11.03,1.72,7.05,2.26,,,22.15,2.23,3.01,2,22.1,11.9,0.0,4,43.9,20.14,0.0,4,34.0,63.88,0.0,11.9,30.05,0.0,edge,21.83,40.96,0.0,core,59.57,76.33,0.0,cloud,72.8,97.59,0.0,cloud,18.55,35.3,0.0,core,52.7,167.6,38.1,167.5,16.1,30.5,17.5,96.3,18.0,96.3,0.8,23.0,4.0,670.0,670.0,0.0,500.0,,,,,,,,,,,,,
s2,local,,least_loaded,200,2,10,2916,2916,194.5,0.0,26.86,15.18,62.58,68.88,2.1,5.25,0.23,3.92,1.11,,,21.61,2.06,2.65,2,22.3,6.05,0.0,4,45.1,15.01,0.0,4,32.6,57.46,0.0,6.05,11.73,0.0,edge,15.76,20.34,0.0,core,54.82,59.43,0.0,cloud,62.71,70.99,0.0,cloud,14.28,17.8,0.0,core,26.3,167.5,21.2,167.6,11.2,32.6,8.7,96.3,9.7,96.4,0.7,23.0,4.0,670.0,670.0,0.0,500.0,,,,,,,,,,,,,
s2,local,,least_loaded,400,2,10,5964,5964,397.3,0.0,40.98,21.4,108.96,265.01,6.19,18.87,8.37,7.49,3.01,,,22.11,2.13,2.86,2,21.5,13.68,0.0,4,44.8,29.25,0.0,4,33.7,74.02,0.0,13.68,39.22,0.0,edge,28.56,73.87,0.0,core,72.96,209.96,0.0,cloud,76.3,134.77,0.0,cloud,29.97,109.32,0.0,core,50.0,167.6,37.1,167.7,15.6,32.7,17.0,96.3,16.1,96.3,0.7,23.0,4.0,670.0,670.0,0.0,500.0,,,,,,,,,,,,,
s2,local,,least_loaded,200,3,10,2925,2925,194.9,0.0,27.97,15.49,63.33,69.89,2.68,5.81,0.32,4.27,1.22,,,22.15,2.44,3.48,2,21.4,6.78,0.0,4,44.7,15.43,0.0,4,33.8,57.95,0.0,6.78,14.03,0.0,edge,16.22,22.09,0.0,core,55.29,60.74,0.0,cloud,63.14,72.56,0.0,cloud,14.64,19.22,0.0,core,28.4,167.6,21.6,167.6,11.4,32.7,8.5,96.3,9.8,96.2,0.6,23.0,4.0,670.0,670.0,0.0,500.0,,,,,,,,,,,,,
s2,local,,least_loaded,400,3,10,6017,6017,401.1,0.0,33.23,21.19,75.33,103.95,5.57,11.63,1.95,7.32,2.35,,,21.61,2.47,2.96,2,22.2,11.49,0.0,4,45.2,20.63,0.0,4,32.6,65.5,0.0,11.49,28.5,0.0,edge,22.42,42.81,0.0,core,60.64,77.89,0.0,cloud,74.42,111.27,0.0,cloud,18.81,34.27,0.0,core,51.7,167.6,39.7,167.6,16.2,32.7,17.8,96.3,17.6,96.3,0.7,23.0,4.0,670.0,670.0,0.0,500.0,,,,,,,,,,,,,
s3,local,,least_loaded,200,1,10,2984,2984,198.7,0.0,28.07,16.31,63.75,73.87,2.91,6.56,0.26,4.16,2.15,1.15,1.0,21.5,5.23,6.29,2,22.9,7.31,0.0,4,44.6,16.3,0.0,4,32.5,58.78,0.0,7.31,14.59,0.0,edge,17.16,24.6,0.0,core,55.81,61.07,0.0,cloud,64.33,76.72,0.0,cloud,15.46,20.83,0.0,core,26.3,167.6,20.6,167.6,11.4,27.6,9.0,96.3,9.2,96.3,,,,670.0,670.0,0.0,500.0,5.7,22.7,5.8,22.7,0.4,23.1,1.0,22.6,1.0,22.9,9.3,2.0,8.8
s3,local,,least_loaded,400,1,10,6171,6171,409.5,0.0,42.72,26.68,104.06,245.28,7.81,20.57,6.88,8.23,5.46,3.05,2.41,22.15,7.28,9.46,2,22.2,19.51,0.0,4,43.9,29.21,0.0,4,34.0,75.3,0.0,19.51,53.67,0.0,edge,29.71,63.54,0.0,core,71.54,137.98,0.0,cloud,83.05,133.93,0.0,cloud,28.75,58.96,0.0,core,50.2,167.7,36.1,167.6,15.4,30.2,16.3,96.2,17.2,96.2,,,,670.0,670.0,0.0,500.0,8.6,22.7,8.8,22.7,0.4,22.9,1.0,22.6,1.0,22.8,9.4,2.0,8.7
s3,local,,least_loaded,200,2,10,2916,2916,194.5,0.0,28.71,16.62,64.71,76.05,3.38,7.11,0.33,4.36,2.42,1.29,1.12,21.61,6.95,8.73,2,22.3,7.7,0.0,4,45.1,16.99,0.0,4,32.6,59.29,0.0,7.7,16.92,0.0,edge,17.69,25.69,0.0,core,56.51,63.57,0.0,cloud,64.8,78.61,0.0,cloud,16.29,24.79,0.0,core,26.0,167.5,21.3,167.4,12.3,33.1,8.4,96.3,9.7,96.3,,,,670.0,670.0,0.0,500.0,5.9,22.8,6.2,22.7,0.5,22.9,1.1,22.6,1.1,22.8,9.3,2.0,8.8
s3,local,,least_loaded,400,2,10,5961,5961,397.5,0.0,39.67,27.33,90.75,137.36,7.67,17.57,3.79,8.3,5.48,2.94,2.53,22.1,10.42,20.56,2,21.5,16.64,0.0,4,44.8,26.82,0.0,4,33.7,71.51,0.0,16.64,44.31,0.0,edge,28.3,63.11,0.0,core,66.76,102.37,0.0,cloud,81.65,120.68,0.0,cloud,25.26,51.93,0.0,core,49.3,167.6,37.3,167.5,15.8,33.2,16.8,96.2,15.6,96.2,,,,670.0,670.0,0.0,500.0,8.8,22.9,8.8,22.7,0.0,22.9,1.0,22.6,0.9,22.7,8.2,0.0,7.7
s3,local,,least_loaded,200,3,10,2926,2926,194.9,0.0,29.19,16.86,64.71,72.94,3.12,7.04,0.32,4.32,2.4,1.26,1.15,22.15,8.36,15.9,2,21.4,7.82,0.0,4,44.7,16.75,0.0,4,33.8,59.17,0.0,7.82,15.8,0.0,edge,17.65,26.03,0.0,core,56.44,63.89,0.0,cloud,64.52,76.13,0.0,cloud,15.84,22.53,0.0,core,27.4,167.5,20.8,167.6,11.9,33.2,8.0,96.4,9.3,96.3,,,,670.0,670.0,0.0,500.0,6.0,22.7,5.9,22.7,0.4,23.0,1.1,22.6,1.1,22.8,9.3,2.0,8.8
s3,local,,least_loaded,400,3,10,6018,6018,401.9,0.0,41.27,28.4,99.41,145.07,7.86,19.67,5.25,8.84,5.58,2.78,2.79,21.6,8.57,13.56,2,22.2,17.09,0.0,4,45.2,30.86,0.0,4,32.6,72.16,0.0,17.09,44.58,0.0,edge,32.83,86.69,0.0,core,67.16,106.8,0.0,cloud,81.36,122.62,0.0,cloud,28.86,79.04,0.0,core,50.8,167.6,38.1,167.6,15.5,33.2,16.9,96.2,17.1,96.3,,,,670.0,670.0,0.0,500.0,8.9,22.7,8.9,22.8,0.5,22.9,1.1,22.6,1.1,22.8,9.2,1.9,8.7
