sites,path_mode,heartbeat_hz,heartbeats_per_s,heartbeat_failures,hb_rtt_p50_ms,hb_rtt_p95_ms,registry_cpu_pct,orchestrator_cpu_pct,registry_handle_hb_ms,admission_ms_mean,admission_ms_p95,admission_registry_ms,admission_decision_ms,list_sites_ms,list_sites_kb,rep
4,per_site,1.0,4.0,0,1.349,1.659,1.5,1.0,0.011,4.853,6.158,1.319,1.437,1.345,0.6,1
16,per_site,1.0,16.0,0,1.439,3.054,2.7,1.3,0.0104,6.067,7.37,1.515,1.969,1.213,2.4,1
64,per_site,1.0,63.8,0,1.309,2.059,6.3,2.1,0.0092,11.328,15.157,2.036,7.205,1.72,9.7,1
256,per_site,1.0,256.3,0,1.491,4.415,15.6,13.8,0.0085,87.171,113.566,5.077,81.416,3.934,38.5,1
1024,per_site,1.0,1023.5,0,2.851,10.282,31.3,79.3,0.005,1249.604,1439.507,15.814,1242.968,11.378,154.1,1
4,single,1.0,4.2,0,1.387,2.936,1.5,1.0,0.0087,5.045,8.793,1.488,1.581,0.916,0.6,1
16,single,1.0,16.0,0,1.253,2.118,2.6,1.0,0.0089,4.998,6.312,1.356,1.593,1.209,2.4,1
64,single,1.0,64.2,0,1.167,1.974,5.8,1.3,0.0086,6.752,11.733,1.897,2.543,1.482,9.6,1
256,single,1.0,255.4,0,1.422,3.793,16.4,1.8,0.008,11.887,13.595,4.329,7.05,3.607,38.5,1
1024,single,1.0,1021.5,0,1.882,8.837,39.8,4.0,0.0056,37.696,51.915,17.287,28.461,14.83,154.1,1
4,per_site,1.0,4.0,0,1.502,2.607,1.5,1.1,0.0108,5.482,7.533,1.425,1.551,0.941,0.6,2
16,per_site,1.0,16.0,0,1.452,2.439,2.7,1.3,0.0107,6.187,8.204,1.503,2.026,1.192,2.4,2
64,per_site,1.0,63.8,0,1.287,2.324,6.4,2.3,0.0092,13.846,20.536,2.093,8.095,2.341,9.7,2
256,per_site,1.0,254.7,0,1.223,2.695,14.9,12.5,0.0073,81.995,99.669,4.235,77.697,2.971,38.5,2
1024,per_site,1.0,1022.2,0,3.069,12.422,32.7,78.5,0.0053,1280.633,1450.515,14.031,1274.581,11.83,154.1,2
4,single,1.0,3.9,0,1.231,1.661,1.5,1.0,0.0091,4.428,4.956,1.166,1.267,1.131,0.6,2
16,single,1.0,16.0,0,1.294,2.179,2.3,1.0,0.0109,6.141,11.829,2.044,2.249,1.131,2.4,2
64,single,1.0,63.4,0,1.247,2.073,6.0,1.1,0.0091,5.794,7.189,1.822,2.414,1.572,9.7,2
256,single,1.0,256.2,0,1.165,2.679,15.0,1.7,0.0076,9.903,15.487,3.872,6.306,3.473,38.5,2
1024,single,1.0,1024.1,0,1.603,5.309,37.8,3.6,0.0058,28.358,35.813,13.104,22.812,10.985,154.1,2
4,per_site,1.0,3.9,0,1.346,1.908,1.5,1.0,0.0092,4.551,6.666,1.18,1.303,0.924,0.6,3
16,per_site,1.0,16.0,0,1.337,2.282,2.3,1.3,0.0091,5.336,6.764,1.428,1.876,1.213,2.4,3
64,per_site,1.0,64.5,0,1.215,2.867,5.6,1.8,0.0091,10.27,12.045,1.665,6.311,1.484,9.7,3
256,per_site,1.0,254.6,0,1.294,3.262,14.7,13.3,0.0072,83.385,111.687,4.157,79.404,2.945,38.5,3
1024,per_site,1.0,1022.8,0,2.88,11.864,32.1,79.1,0.0052,1269.639,1373.95,17.566,1261.224,12.692,154.1,3
4,single,1.0,4.4,0,1.258,1.779,1.3,1.1,0.0086,5.418,7.649,1.317,1.468,1.201,0.6,3
16,single,1.0,16.2,0,1.327,2.551,2.6,1.0,0.0086,4.977,6.165,1.303,1.538,1.15,2.4,3
64,single,1.0,63.9,0,1.256,2.289,5.8,1.1,0.0091,5.375,6.157,1.758,2.317,1.318,9.6,3
256,single,1.0,256.3,0,1.298,3.186,15.3,1.6,0.0082,11.105,17.068,3.664,6.024,3.229,38.5,3
1024,single,1.0,1023.2,0,2.006,8.184,38.7,3.7,0.0056,33.682,42.514,15.263,26.947,12.779,154.1,3
