arch,deploy,tag,policy,offered_load,rep,instances,sent,completed,throughput,loss_pct,lat_mean_ms,lat_p50_ms,lat_p95_ms,lat_p99_ms,jitter_ms,measured_mean_ms,queue_ms,exec_ms,comm_ms,comm_user_gw_ms,comm_gw_site_ms,link_ms,admit_ms_mean,admit_ms_p95,edge_instances,edge_task_share_pct,edge_lat_mean_ms,edge_loss_pct,core_instances,core_task_share_pct,core_lat_mean_ms,core_loss_pct,cloud_instances,cloud_task_share_pct,cloud_lat_mean_ms,cloud_loss_pct,svc_vRAN-DU_lat_mean_ms,svc_vRAN-DU_lat_p95_ms,svc_vRAN-DU_loss_pct,svc_vRAN-DU_tiers,svc_UPF_lat_mean_ms,svc_UPF_lat_p95_ms,svc_UPF_loss_pct,svc_UPF_tiers,svc_IMS-CSCF_lat_mean_ms,svc_IMS-CSCF_lat_p95_ms,svc_IMS-CSCF_loss_pct,svc_IMS-CSCF_tiers,svc_Transcoder_lat_mean_ms,svc_Transcoder_lat_p95_ms,svc_Transcoder_loss_pct,svc_Transcoder_tiers,svc_IoT-GW_lat_mean_ms,svc_IoT-GW_lat_p95_ms,svc_IoT-GW_loss_pct,svc_IoT-GW_tiers,cpu_cloud-1,rss_cloud-1,cpu_core-1,rss_core-1,cpu_driver,rss_driver,cpu_edge-A,rss_edge-A,cpu_edge-B,rss_edge-B,cpu_gw-A,rss_gw-A,cpu_gw-B,rss_gw-B,cpu_orchestrator,rss_orchestrator,cpu_registry,rss_registry,cpu_telemetry,rss_telemetry,msgs_per_s_registry,msgs_per_s_orchestrator,msgs_per_s_telemetry,link_edge-A<->core-1_reserved_mbps,link_edge-B<->core-1_reserved_mbps,link_edge-A<->edge-B_reserved_mbps,link_core-1<->cloud-1_reserved_mbps,cpu_orch-o1,rss_orch-o1,cpu_orch-o2,rss_orch-o2,cpu_orch-o3,rss_orch-o3
s3,local,,tier_aware,150,1,10,2276,2276,151.7,0.0,37.84,53.39,65.88,74.64,3.15,7.35,0.24,4.48,2.62,1.45,1.17,30.5,7.92,8.85,2,24.1,7.8,0.0,2,20.6,17.83,0.0,6,55.4,58.35,0.0,7.8,14.76,0.0,edge,17.83,25.08,0.0,core,56.8,62.55,0.0,cloud,64.81,76.24,0.0,cloud,56.03,62.31,0.0,cloud,30.8,166.7,11.2,166.7,11.7,26.7,8.7,95.7,8.0,95.8,5.5,22.2,5.7,22.3,0.5,23.4,1.3,22.3,1.2,22.4,9.2,2.0,8.8,670.0,670.0,0.0,540.0,,,,,,
s4,local,,tier_aware,150,1,10,2276,2276,151.7,0.0,38.66,53.56,67.16,82.4,3.95,8.16,0.37,4.89,2.9,1.57,1.34,30.5,10.62,14.81,2,24.1,8.74,0.0,2,20.6,18.8,0.0,6,55.4,59.05,0.0,8.74,20.51,0.0,edge,18.8,29.27,0.0,core,57.38,65.47,0.0,cloud,65.43,81.32,0.0,cloud,56.9,65.09,0.0,cloud,29.6,167.0,10.9,166.7,11.8,26.8,8.5,95.8,8.0,95.9,5.5,22.3,5.7,22.3,,,1.4,22.2,1.3,22.5,12.0,40.0,10.6,670.0,670.0,0.0,540.0,4.0,23.4,5.0,23.5,4.1,23.4
s4,local,kill,tier_aware,150,1,10,2276,2276,151.7,0.0,37.41,53.11,65.28,76.16,3.01,6.91,0.25,4.3,2.36,1.24,1.11,30.5,8.74,10.88,2,24.1,7.42,0.0,2,20.6,17.11,0.0,6,55.4,57.99,0.0,7.42,14.71,0.0,edge,17.11,23.59,0.0,core,56.5,62.9,0.0,cloud,64.12,75.79,0.0,cloud,55.82,61.81,0.0,cloud,28.2,167.0,10.2,166.6,10.7,26.8,7.9,95.7,7.5,95.8,5.1,22.3,5.1,22.2,,,1.4,22.3,1.2,22.6,11.8,16.7,10.1,670.0,670.0,0.0,540.0,1.8,7.3,3.8,23.3,4.7,23.4
s3,local,,tier_aware,150,2,10,2331,2331,155.4,0.0,36.81,53.01,62.34,68.09,2.15,5.84,0.2,3.6,2.03,1.07,0.96,30.97,6.0,8.92,2,23.1,6.31,0.0,2,20.7,16.54,0.0,6,56.2,56.78,0.0,6.31,10.91,0.0,edge,16.54,21.82,0.0,core,55.75,60.66,0.0,cloud,62.09,68.81,0.0,cloud,55.29,60.47,0.0,cloud,26.6,167.0,10.4,166.7,10.6,26.8,7.7,95.8,7.3,95.8,5.3,22.3,5.2,22.3,0.4,23.4,1.0,22.3,1.1,22.5,9.3,2.0,8.8,670.0,670.0,0.0,540.0,,,,,,
s4,local,,tier_aware,150,2,10,2331,2331,155.4,0.0,38.65,53.43,67.03,81.92,3.78,7.68,0.38,4.63,2.68,1.41,1.27,30.97,8.13,11.43,2,23.1,8.38,0.0,2,20.7,18.03,0.0,6,56.2,58.66,0.0,8.38,20.79,0.0,edge,18.03,26.76,0.0,core,57.21,67.49,0.0,cloud,65.56,84.86,0.0,cloud,56.82,68.02,0.0,cloud,28.7,167.0,11.6,167.1,11.3,26.7,8.4,95.7,8.2,95.7,5.4,22.4,5.6,22.4,,,1.3,22.2,1.2,22.4,11.0,40.1,9.6,670.0,670.0,0.0,540.0,3.5,23.3,5.0,23.5,4.2,23.3
s4,local,kill,tier_aware,150,2,10,2331,2331,155.4,0.0,37.97,53.27,65.2,75.8,3.18,7.0,0.31,4.21,2.49,1.32,1.17,30.97,6.75,10.46,2,23.1,7.57,0.0,2,20.7,17.52,0.0,6,56.2,57.97,0.0,7.57,15.15,0.0,edge,17.52,24.91,0.0,core,56.42,61.64,0.0,cloud,64.53,75.82,0.0,cloud,56.4,64.12,0.0,cloud,27.4,166.8,10.9,167.0,10.8,26.8,8.0,95.8,7.5,95.9,5.1,22.3,5.2,22.3,,,1.3,22.3,1.2,22.6,11.7,16.6,10.0,670.0,670.0,0.0,540.0,3.9,23.4,4.9,23.4,2.0,7.3
s3,local,,tier_aware,150,3,10,2279,2279,151.9,0.0,37.41,53.09,64.05,72.97,2.66,6.31,0.25,3.93,2.13,1.09,1.04,31.1,5.86,11.1,2,21.7,6.94,0.0,2,22.1,16.87,0.0,6,56.2,57.25,0.0,6.94,13.44,0.0,edge,16.87,22.95,0.0,core,56.17,63.59,0.0,cloud,63.51,75.73,0.0,cloud,55.33,59.74,0.0,cloud,26.1,167.0,11.0,166.8,10.4,26.9,6.6,95.8,7.7,95.8,5.0,22.3,5.1,22.3,0.0,23.3,1.1,22.2,1.1,22.4,8.3,0.0,7.8,670.0,670.0,0.0,540.0,,,,,,
s4,local,,tier_aware,150,3,10,2279,2279,151.9,0.0,38.0,53.22,64.3,72.89,3.0,6.91,0.27,4.19,2.45,1.32,1.13,31.1,8.9,11.23,2,21.7,7.64,0.0,2,22.1,17.86,0.0,6,56.2,57.65,0.0,7.64,13.95,0.0,edge,17.86,23.75,0.0,core,56.59,62.44,0.0,cloud,63.95,73.47,0.0,cloud,55.69,62.26,0.0,cloud,26.6,167.0,12.1,166.7,10.9,26.7,7.0,95.8,7.9,95.8,5.2,22.3,5.4,22.3,,,1.4,22.2,1.3,22.5,12.0,40.0,10.6,670.0,670.0,0.0,540.0,4.7,23.4,3.9,23.3,4.1,23.4
s4,local,kill,tier_aware,150,3,10,2279,2279,151.9,0.0,38.21,53.3,65.12,76.52,3.27,7.11,0.32,4.3,2.49,1.31,1.18,31.1,9.05,12.4,2,21.7,8.02,0.0,2,22.1,17.94,0.0,6,56.2,57.83,0.0,8.02,15.41,0.0,edge,17.94,27.13,0.0,core,56.57,63.49,0.0,cloud,64.34,76.66,0.0,cloud,55.97,62.35,0.0,cloud,27.6,167.1,11.7,167.0,10.9,26.7,7.1,95.8,8.2,95.8,5.2,22.3,5.2,22.3,,,1.3,22.3,1.2,22.4,11.7,16.4,10.0,670.0,670.0,0.0,540.0,4.0,23.4,4.8,23.4,1.7,7.3
