max_skew_ms,rep,node_skews_ms,events,causal_pairs,wall_violations,wall_violation_pct,lamport_violations,true_gap_ms_p50,violations_by_kind,client_avg_msg_bytes
0,1,0.0/0.0/0.0/0.0/0.0,728,362,0,0.0,0,0.555,"{""exit"": ""0/60"", ""ae"": ""0/242"", ""allocate"": ""0/60""}",168.2
1,1,0.2/-0.6/0.9/0.8/-0.1,728,362,6,1.66,0,1.349,"{""exit"": ""0/60"", ""ae"": ""0/242"", ""allocate"": ""6/60""}",168.8
5,1,3.8/-1.5/2.9/4.5/-1.9,728,362,299,82.6,0,-1.382,"{""exit"": ""0/60"", ""ae"": ""240/242"", ""allocate"": ""59/60""}",168.8
20,1,0.6/-12.5/18.1/5.4/3.6,728,362,60,16.57,0,10.112,"{""exit"": ""0/60"", ""ae"": ""0/242"", ""allocate"": ""60/60""}",168.8
50,1,32.4/39.5/-31.2/-19.6/-2.2,726,361,60,16.62,0,29.214,"{""exit"": ""60/60"", ""ae"": ""0/241"", ""allocate"": ""0/60""}",169.8
0,2,0.0/0.0/0.0/0.0/0.0,726,361,0,0.0,0,1.136,"{""exit"": ""0/60"", ""ae"": ""0/241"", ""allocate"": ""0/60""}",169.8
1,2,-0.9/-0.3/-1.0/-0.4/0.5,712,354,90,25.42,0,0.889,"{""exit"": ""0/60"", ""ae"": ""90/234"", ""allocate"": ""0/60""}",169.8
5,2,-0.7/2.2/0.4/-0.0/3.3,724,360,118,32.78,0,2.408,"{""exit"": ""52/60"", ""ae"": ""66/240"", ""allocate"": ""0/60""}",169.8
20,2,9.9/-10.7/-10.0/-8.9/-3.9,720,358,18,5.03,0,1.617,"{""exit"": ""0/60"", ""ae"": ""0/238"", ""allocate"": ""18/60""}",169.8
50,2,-11.2/43.3/6.2/-43.2/-46.1,737,364,182,50.0,0,1.087,"{""exit"": ""60/60"", ""ae"": ""122/244"", ""allocate"": ""0/60""}",169.8
0,3,0.0/0.0/0.0/0.0/0.0,728,362,0,0.0,0,0.388,"{""exit"": ""0/60"", ""ae"": ""0/242"", ""allocate"": ""0/60""}",169.8
1,3,-0.2/0.6/-0.0/-0.1/-0.5,730,362,47,12.98,0,0.878,"{""exit"": ""47/60"", ""ae"": ""0/242"", ""allocate"": ""0/60""}",169.8
5,3,-3.2/0.7/1.3/-2.2/-3.3,728,362,258,71.27,0,-3.103,"{""exit"": ""0/60"", ""ae"": ""240/242"", ""allocate"": ""18/60""}",169.8
20,3,-2.2/5.2/-2.5/-7.1/-3.3,728,362,284,78.45,0,-0.62,"{""exit"": ""60/60"", ""ae"": ""224/242"", ""allocate"": ""0/60""}",169.8
50,3,39.0/30.2/-9.8/17.1/15.1,728,362,181,50.0,0,-3.99,"{""exit"": ""60/60"", ""ae"": ""121/242"", ""allocate"": ""0/60""}",169.8
