replicas,election_ms,rep,detect_elect_ms,first_candidate_ms,leader_ready_ms,unavailable_ms,elections_in_term_change,elections_started_total,admissions_before,admissions_total,client_failures,retried_dedup,restart_catchup_ms,restart_log_entries_loaded,hashes_equal_after_recovery
3,"150,300",1,238.3,233.1,269.9,326.8,1,1,86,172,0,0,219.5,87,True
3,"300,600",1,456.2,448.5,482.8,480.1,1,1,87,175,0,0,171.4,88,True
3,"600,1200",1,640.8,635.5,653.5,787.0,1,1,90,169,0,0,246.2,91,True
5,"150,300",1,172.5,165.6,186.4,334.1,1,1,82,162,0,1,169.9,84,True
5,"300,600",1,313.3,308.4,325.4,489.1,1,1,84,159,0,0,232.1,85,True
5,"600,1200",1,803.4,799.2,817.5,951.3,1,1,84,163,0,0,175.6,85,True
3,"150,300",2,530.6,248.3,549.8,644.2,2,3,86,168,0,0,182.8,87,True
3,"300,600",2,406.2,402.8,417.1,481.3,1,1,89,176,0,0,180.6,90,True
3,"600,1200",2,808.2,804.1,814.7,960.1,1,1,87,163,0,0,124.2,88,True
5,"150,300",2,186.2,179.8,194.4,332.6,1,3,83,161,0,0,227.5,84,True
5,"300,600",2,316.6,311.4,327.9,487.8,1,1,85,164,0,0,209.1,86,True
5,"600,1200",2,697.4,690.5,715.3,793.4,1,1,82,162,0,1,169.5,84,True
3,"150,300",3,174.2,168.5,186.6,331.5,1,1,88,171,0,0,229.3,89,True
3,"300,600",3,507.7,504.2,513.4,637.5,1,1,91,176,0,0,197.5,92,True
3,"600,1200",3,756.1,751.9,769.3,782.5,1,1,84,164,0,0,222.7,85,True
5,"150,300",3,177.1,171.1,192.4,330.7,1,1,80,157,0,0,177.2,81,True
5,"300,600",3,314.0,308.5,341.7,483.4,1,1,84,163,0,0,203.4,85,True
5,"600,1200",3,628.6,623.5,641.1,788.6,1,1,81,159,0,0,229.6,82,True
3,"150,300",4,201.9,197.6,207.4,331.9,1,1,85,167,0,1,189.8,87,True
3,"300,600",4,360.3,356.3,383.0,477.8,1,1,92,178,0,0,168.8,93,True
3,"600,1200",4,763.4,758.5,767.5,789.3,1,1,87,172,0,0,205.4,88,True
5,"150,300",4,227.8,221.5,237.1,328.4,1,1,83,165,0,0,175.4,84,True
5,"300,600",4,361.5,355.9,401.5,489.6,1,1,82,163,0,0,206.9,83,True
5,"600,1200",4,741.7,736.3,764.9,788.6,1,1,84,169,0,0,259.0,85,True
3,"150,300",5,191.4,186.2,218.1,326.8,1,1,89,173,0,0,176.8,90,True
3,"300,600",5,387.8,383.2,417.4,481.2,1,1,89,173,0,0,176.2,90,True
3,"600,1200",5,802.9,799.2,826.5,944.9,1,1,86,167,0,0,172.7,87,True
5,"150,300",5,165.2,159.5,175.0,329.5,1,1,86,165,0,0,176.6,87,True
5,"300,600",5,388.8,383.8,414.4,479.9,1,1,86,169,0,0,177.0,87,True
5,"600,1200",5,676.8,672.5,698.9,807.1,1,1,83,161,0,0,228.2,84,True
3,"150,300",6,202.3,196.9,230.6,325.5,1,1,84,169,0,0,215.4,85,True
3,"300,600",6,477.0,467.8,499.9,23.7,1,1,85,168,0,0,177.8,87,True
3,"600,1200",6,692.8,688.8,710.8,798.7,1,1,81,158,0,1,171.7,83,True
5,"150,300",6,181.9,174.7,214.3,328.0,1,1,86,168,0,0,206.3,87,True
5,"300,600",6,344.8,340.2,374.4,487.3,1,1,80,159,0,1,258.9,82,True
5,"600,1200",6,872.0,867.3,906.7,938.5,1,1,84,170,0,0,153.6,85,True
3,"150,300",7,211.3,208.1,224.7,324.3,1,1,87,174,0,0,176.5,88,True
3,"300,600",7,455.0,450.7,480.2,485.2,1,1,92,181,0,0,178.8,93,True
3,"600,1200",7,767.7,763.7,774.1,936.7,1,1,93,175,0,0,192.3,94,True
5,"150,300",7,165.1,157.2,193.5,331.4,1,1,90,173,0,0,234.6,91,True
5,"300,600",7,333.7,330.3,352.3,483.9,1,1,87,167,0,0,222.9,88,True
5,"600,1200",7,720.5,715.8,741.4,792.8,1,1,87,174,0,1,170.7,89,True
3,"150,300",8,271.7,268.2,277.0,326.3,1,1,92,183,0,0,171.6,93,True
3,"300,600",8,474.3,471.9,494.3,630.5,1,1,96,180,0,0,173.9,97,True
3,"600,1200",8,1091.2,1086.4,1116.5,1256.0,1,1,86,162,0,0,220.3,87,True
5,"150,300",8,158.6,154.9,180.0,332.8,1,1,90,171,0,0,156.5,91,True
5,"300,600",8,434.6,428.8,440.7,482.5,1,1,84,172,0,1,172.6,86,True
5,"600,1200",8,611.5,604.7,622.3,638.1,1,1,84,169,0,0,182.4,85,True
3,"150,300",9,259.1,255.1,261.6,333.3,1,1,87,174,0,1,217.0,89,True
3,"300,600",9,300.4,297.6,313.3,339.6,1,1,88,179,0,0,165.8,89,True
3,"600,1200",9,843.3,840.6,861.7,939.5,1,1,88,174,0,1,175.8,90,True
5,"150,300",9,156.0,145.7,184.0,329.1,1,3,85,165,0,0,197.6,86,True
5,"300,600",9,424.3,420.1,455.2,482.3,1,1,89,178,0,0,209.1,90,True
5,"600,1200",9,706.3,701.5,714.6,790.9,1,2,86,170,0,0,172.5,87,True
3,"150,300",10,169.0,165.8,184.5,330.4,1,1,94,182,0,0,180.8,95,True
3,"300,600",10,386.4,383.6,406.2,478.9,1,1,90,182,0,0,168.0,91,True
3,"600,1200",10,791.1,788.1,810.6,940.9,1,1,91,174,0,0,172.2,92,True
5,"150,300",10,158.0,152.5,178.8,178.4,1,1,88,178,0,0,158.1,89,True
5,"300,600",10,307.2,303.0,311.2,327.1,1,1,87,178,0,0,179.7,88,True
5,"600,1200",10,692.2,686.0,724.7,783.8,1,1,87,172,0,0,152.8,88,True
