mode,replicas,clients,rep,admissions,throughput_adm_s,admit_ms_mean,admit_ms_p50,admit_ms_p95,commit_ms_mean,commit_ms_p95,orchestrator_ms_mean,idle_msgs_per_s,msgs_per_admission,kb_per_admission,leader_cpu_pct,follower_cpu_pct,idle_leader_cpu_pct,idle_follower_cpu_pct
S3 single orchestrator,1,1,1,150,285.9,3.493,3.379,5.036,,,,5.0,6.01,0.6,33.4,,0.7,
Raft,1,1,1,150,309.8,3.225,3.06,4.528,0.149,0.196,2.423,5.3,6.0,0.72,39.7,,4.3,,0,301,True
Raft,3,1,1,150,196.8,5.075,5.058,7.197,1.041,1.526,4.044,92.5,13.35,2.04,42.3,9.3,5.6,4.4,782,301,True
Raft,5,1,1,150,112.1,8.917,7.274,18.968,1.873,3.75,7.246,183.6,19.91,3.36,38.3,8.4,5.6,4.0,1552,301,True
Raft,7,1,1,150,109.4,9.14,7.969,15.782,2.385,4.022,7.472,269.3,27.04,4.7,39.3,7.9,6.6,3.8,2340,301,True
Raft+fsync,3,1,1,150,117.5,8.504,7.845,14.388,2.597,4.317,7.002,93.1,13.05,2.05,35.5,10.5,5.6,4.8,780,301,True
S3 single orchestrator,1,4,1,150,308.0,12.857,13.024,17.51,,,,5.0,6.01,0.61,37.6,,1.0,
Raft,1,4,1,150,390.3,10.136,9.902,13.927,0.128,0.202,7.986,5.3,6.0,0.72,36.7,,4.7,,0,301,True
Raft,3,4,1,150,185.9,21.263,20.434,32.905,1.89,3.302,18.198,94.4,13.0,2.02,41.3,9.9,5.3,4.3,755,301,True
Raft,5,4,1,150,177.0,22.24,21.35,36.458,2.362,4.882,18.913,181.4,20.16,3.34,39.7,8.8,5.6,4.0,1520,301,True
Raft,7,4,1,150,153.8,25.471,20.825,47.131,2.694,4.97,22.095,268.2,26.53,4.6,37.2,7.5,6.3,3.6,2246,301,True
Raft+fsync,3,4,1,150,159.5,24.909,22.742,39.019,3.306,5.519,22.086,93.1,12.72,2.0,36.9,11.1,5.0,4.4,736,301,True
S3 single orchestrator,1,1,2,150,252.1,3.962,3.711,6.0,,,,5.3,6.0,0.61,33.2,,0.3,
Raft,1,1,2,150,286.6,3.485,3.277,4.997,0.135,0.2,2.522,5.3,6.0,0.72,36.0,,5.0,,0,301,True
Raft,3,1,2,150,88.1,11.349,7.72,29.134,2.335,4.746,9.001,92.0,12.46,2.02,27.1,7.4,5.6,4.3,748,301,True
Raft,5,1,2,150,114.6,8.719,7.536,15.33,1.863,3.062,6.998,180.4,19.97,3.36,37.9,8.1,5.3,4.0,1551,301,True
Raft,7,1,2,150,105.3,9.492,8.803,15.986,2.407,3.808,7.72,272.3,26.98,4.7,37.7,7.8,6.3,3.7,2358,301,True
Raft+fsync,3,1,2,150,122.5,8.157,7.171,14.416,2.578,3.727,6.547,94.5,13.0,2.04,35.8,9.9,5.0,4.4,774,301,True
S3 single orchestrator,1,4,2,150,309.4,12.809,12.407,18.287,,,,5.3,6.0,0.61,33.6,,0.3,
Raft,1,4,2,150,188.5,21.048,17.907,44.715,0.153,0.261,15.999,5.3,6.0,0.72,31.1,,4.7,,0,301,True
Raft,3,4,2,150,145.5,27.072,23.165,47.456,2.402,4.955,23.185,92.9,12.72,2.01,41.2,11.1,5.9,4.4,740,301,True
Raft,5,4,2,150,154.2,25.743,22.185,54.055,2.563,5.713,22.38,181.7,19.22,3.29,38.3,9.2,6.3,3.8,1471,301,True
Raft,7,4,2,150,92.5,42.412,32.529,92.56,4.72,10.594,36.545,268.0,24.53,4.56,33.9,7.3,8.2,4.3,2178,301,True
Raft+fsync,3,4,2,150,142.5,27.887,21.108,63.496,3.44,8.23,24.562,93.7,11.73,1.95,32.0,8.7,5.3,4.2,670,301,True
S3 single orchestrator,1,1,3,150,301.1,3.317,3.074,5.073,,,,5.3,6.0,0.61,36.0,,0.7,
Raft,1,1,3,150,176.5,5.659,4.668,11.115,0.162,0.278,4.09,5.3,6.0,0.73,31.8,,5.0,,0,301,True
Raft,3,1,3,150,157.7,6.335,5.67,11.371,1.148,1.929,4.903,93.1,13.2,2.06,36.2,9.4,5.6,4.7,778,301,True
Raft,5,1,3,150,130.1,7.679,6.711,15.075,1.7,3.205,6.071,180.6,20.26,3.39,36.0,8.1,5.3,3.7,1559,301,True
Raft,7,1,3,150,91.8,10.883,9.975,17.59,2.841,4.744,8.992,267.9,26.68,4.73,38.1,7.9,7.3,4.3,2345,301,True
Raft+fsync,3,1,3,150,126.8,7.882,7.339,12.357,2.425,3.616,6.399,93.1,13.12,2.06,36.5,10.5,5.3,4.3,780,301,True
S3 single orchestrator,1,4,3,150,231.5,16.974,15.75,28.502,,,,5.0,6.01,0.61,34.5,,1.0,
Raft,1,4,3,150,448.4,8.823,8.598,12.706,0.131,0.191,6.967,5.3,6.0,0.73,34.4,,4.7,,0,301,True
Raft,3,4,3,150,253.4,15.589,14.572,23.032,1.392,2.586,13.327,93.1,13.26,2.05,38.1,9.4,5.3,4.4,767,301,True
Raft,5,4,3,150,199.9,19.847,16.732,42.644,1.964,4.161,16.993,180.6,19.51,3.3,38.0,8.0,5.6,4.0,1480,301,True
Raft,7,4,3,150,137.6,28.798,23.909,53.667,3.252,5.642,24.898,268.7,26.41,4.64,38.4,7.4,6.6,3.9,2250,301,True
Raft+fsync,3,4,3,150,157.4,25.181,21.281,42.97,3.268,5.064,22.208,93.1,12.64,2.01,37.2,10.9,5.6,4.4,731,301,True
