arch,deploy,tag,policy,offered_load,rep,instances,sent,completed,throughput,loss_pct,lat_mean_ms,lat_p50_ms,lat_p95_ms,lat_p99_ms,jitter_ms,measured_mean_ms,queue_ms,exec_ms,comm_ms,comm_user_gw_ms,comm_gw_site_ms,link_ms,admit_ms_mean,admit_ms_p95,edge_instances,edge_task_share_pct,edge_lat_mean_ms,edge_loss_pct,core_instances,core_task_share_pct,core_lat_mean_ms,core_loss_pct,cloud_instances,cloud_task_share_pct,cloud_lat_mean_ms,cloud_loss_pct,svc_Transcoder_lat_mean_ms,svc_Transcoder_lat_p95_ms,svc_Transcoder_loss_pct,svc_Transcoder_tiers,cpu_core-1,rss_core-1,cpu_driver,rss_driver,cpu_gw-A,rss_gw-A,cpu_gw-B,rss_gw-B,cpu_orchestrator,rss_orchestrator,cpu_registry,rss_registry,cpu_telemetry,rss_telemetry,msgs_per_s_registry,msgs_per_s_orchestrator,msgs_per_s_telemetry,link_edge-A<->core-1_reserved_mbps,link_edge-B<->core-1_reserved_mbps,link_edge-A<->edge-B_reserved_mbps,link_core-1<->cloud-1_reserved_mbps,cpu_cloud-1,rss_cloud-1,cpu_edge-A,rss_edge-A,cpu_edge-B,rss_edge-B
s3,external,N1,least_loaded,70,1,2,863,454,37.9,47.39,1026.78,1023.07,1101.32,1110.18,54.49,1015.78,924.52,51.86,39.4,1.23,38.17,11.0,10.07,11.13,0,0.0,,,2,100.0,1026.78,47.39,0,0.0,,,1026.78,1101.32,47.39,core,30.0,109.8,4.2,31.8,2.9,29.2,3.3,29.6,0.4,29.7,0.8,29.4,0.8,29.5,6.0,2.1,5.9,200.0,200.0,0.0,0.0,,,,,,
s3,external,N2,least_loaded,140,1,4,1673,957,78.5,42.8,1044.01,1046.73,1130.91,1145.51,53.23,1013.12,926.82,48.98,37.31,1.07,36.24,30.89,9.22,11.88,0,0.0,,,2,50.9,1019.96,43.54,2,49.1,1068.3,42.02,1044.01,1130.91,42.8,cloud+core,29.8,109.8,7.0,32.8,4.8,29.4,4.5,29.5,0.4,29.3,0.8,29.2,0.8,29.5,6.7,1.9,6.6,400.0,400.0,0.0,400.0,29.8,109.8,,,,
s3,external,N3,least_loaded,210,1,6,2519,1340,110.3,46.8,1041.76,1041.89,1127.87,1146.92,53.6,1019.77,933.51,52.49,33.77,1.27,32.5,21.99,12.24,15.34,2,35.6,1031.03,50.5,2,32.6,1031.31,46.53,2,31.8,1062.22,42.95,1041.76,1127.87,46.8,cloud+core+edge,29.9,110.1,9.2,32.8,6.6,29.1,6.5,29.0,0.4,29.3,1.1,29.0,0.9,29.1,7.7,1.9,7.4,400.0,400.0,200.0,400.0,29.8,110.0,29.8,110.1,,
s3,external,N4,least_loaded,280,1,8,3300,1849,154.2,43.97,1029.4,1029.78,1118.3,1143.95,52.43,1013.87,929.73,50.46,33.68,1.81,31.87,15.53,25.62,85.32,4,51.7,1019.2,45.92,2,24.6,1023.93,42.86,2,23.7,1055.18,40.87,1029.4,1118.3,43.97,cloud+core+edge,29.7,109.7,10.7,33.8,7.2,29.1,7.4,29.1,0.3,29.3,1.0,29.5,0.9,29.3,9.3,1.9,8.8,400.0,400.0,0.0,400.0,29.7,109.7,29.9,109.9,29.8,109.7
s3,external,N1,least_loaded,70,2,2,819,457,38.5,44.2,1025.24,1024.14,1100.76,1106.88,55.32,1014.23,925.69,51.88,36.66,1.09,35.57,11.01,39.65,59.72,0,0.0,,,2,100.0,1025.24,44.2,0,0.0,,,1025.24,1100.76,44.2,core,29.7,109.7,4.1,31.9,3.0,29.4,2.8,29.5,0.3,29.7,0.8,29.0,0.8,29.5,5.8,1.9,5.7,200.0,200.0,0.0,0.0,,,,,,
s3,external,N2,least_loaded,140,2,4,1722,967,80.8,43.84,1041.66,1047.37,1134.9,1144.05,53.34,1010.68,924.52,48.38,37.78,1.04,36.74,30.98,9.05,11.63,0,0.0,,,2,51.3,1023.26,45.19,2,48.7,1060.09,42.43,1041.66,1134.9,43.84,cloud+core,29.8,110.1,6.6,32.5,4.4,29.2,4.3,29.1,0.3,29.7,0.9,29.1,0.8,29.3,6.8,1.9,6.6,400.0,400.0,0.0,400.0,29.8,110.1,,,,
s3,external,N3,least_loaded,210,2,6,2513,1379,114.2,45.13,1041.11,1045.55,1126.37,1146.69,51.98,1019.56,932.88,50.68,36.0,1.68,34.32,21.55,15.6,27.3,2,31.9,1022.13,42.39,2,33.6,1031.09,45.44,2,34.5,1070.47,47.34,1041.11,1126.37,45.13,cloud+core+edge,29.8,109.8,9.0,32.8,6.4,29.5,6.5,29.6,0.4,29.3,0.8,29.0,0.8,29.6,7.8,1.9,7.5,400.0,400.0,200.0,400.0,29.8,109.8,30.0,110.0,,
s3,external,N4,least_loaded,280,2,8,3365,1853,154.4,44.93,1030.36,1030.81,1123.23,1143.23,51.92,1015.01,929.95,50.53,34.54,2.03,32.51,15.35,13.92,29.45,4,49.7,1014.51,44.27,2,25.1,1027.28,45.33,2,25.1,1065.76,45.86,1030.36,1123.23,44.93,cloud+core+edge,29.8,109.8,10.3,33.5,6.9,29.6,7.4,29.5,0.4,29.4,0.9,29.2,1.0,29.0,8.8,1.9,8.4,400.0,400.0,0.0,400.0,29.7,110.1,29.8,110.0,29.9,110.0
s3,external,N1,least_loaded,70,3,2,847,493,40.5,41.79,1023.14,1019.06,1099.26,1105.57,53.25,1012.13,924.69,47.97,39.47,1.13,38.34,11.01,14.15,14.19,0,0.0,,,2,100.0,1023.14,41.79,0,0.0,,,1023.14,1099.26,41.79,core,29.8,109.9,3.9,31.8,2.8,29.0,2.7,29.5,0.3,29.5,0.8,29.5,0.7,29.0,6.0,2.1,5.9,200.0,200.0,0.0,0.0,,,,,,
s3,external,N2,least_loaded,140,3,4,1707,919,77.0,46.16,1049.27,1052.47,1138.84,1149.71,55.49,1018.29,928.56,51.06,38.67,1.16,37.51,30.98,10.83,13.27,0,0.0,,,2,48.9,1027.53,44.84,2,51.1,1071.05,47.42,1049.27,1138.84,46.16,cloud+core,29.9,110.1,7.3,32.4,4.7,29.5,4.9,29.1,0.4,29.7,0.8,29.2,0.8,29.1,6.8,1.9,6.6,400.0,400.0,0.0,400.0,29.7,109.9,,,,
s3,external,N3,least_loaded,210,3,6,2523,1441,120.0,42.89,1029.44,1031.32,1123.67,1142.57,52.87,1007.71,922.65,48.87,36.19,1.12,35.06,21.73,23.78,51.68,2,34.1,1009.94,44.42,2,32.6,1017.26,41.56,2,33.3,1060.93,42.62,1029.44,1123.67,42.89,cloud+core+edge,29.9,109.9,8.9,32.9,6.2,29.1,6.6,29.1,0.3,29.7,0.8,29.5,0.8,29.5,7.7,1.9,7.4,400.0,400.0,200.0,400.0,30.0,109.8,29.9,109.9,,
s3,external,N4,least_loaded,280,3,8,3360,1995,164.0,40.62,1021.51,1021.38,1113.68,1138.63,51.82,1006.03,923.78,46.42,35.82,1.29,34.53,15.49,17.88,45.55,4,49.2,1005.51,39.72,2,25.0,1011.63,40.41,2,25.8,1063.48,42.56,1021.51,1113.68,40.62,cloud+core+edge,29.6,109.9,10.4,33.4,6.8,29.5,7.1,29.6,0.3,29.8,1.0,29.0,1.1,29.1,9.3,2.1,8.8,400.0,400.0,0.0,400.0,29.8,109.7,29.8,110.0,29.9,110.0
