policy,offered_load,rep,window_s,sent,completed,lost,dropped,timeouts,achieved_offered,throughput,loss_pct,lat_mean_ms,lat_p50_ms,lat_p95_ms,lat_p99_ms,jitter_ms,queue_ms,exec_ms,comm_ms,link_ms,gen_cpu_pct,mgr_cpu_pct,sys_cpu_pct,sys_mem_pct,core-1_instances,core-1_tasks_share_pct,core-1_throughput,core-1_lat_mean_ms,core-1_queue_ms,core-1_exec_ms,core-1_loss_pct,core-1_worker_busy_pct,core-1_cpu_pct,core-1_cpu_peak_pct,core-1_mem_mb,core-1_queued_mean,edge-A_instances,edge-A_tasks_share_pct,edge-A_throughput,edge-A_lat_mean_ms,edge-A_queue_ms,edge-A_exec_ms,edge-A_loss_pct,edge-A_worker_busy_pct,edge-A_cpu_pct,edge-A_cpu_peak_pct,edge-A_mem_mb,edge-A_queued_mean,edge-B_instances,edge-B_tasks_share_pct,edge-B_throughput,edge-B_lat_mean_ms,edge-B_queue_ms,edge-B_exec_ms,edge-B_loss_pct,edge-B_worker_busy_pct,edge-B_cpu_pct,edge-B_cpu_peak_pct,edge-B_mem_mb,edge-B_queued_mean,balance_jain
edge_first,100,1,15.0,1517,1517,0,0,0,101.1,101.1,0.0,5.29,3.46,19.72,23.71,1.32,0.14,3.18,0.89,1.07,5.7,0.5,25.6,10.1,2,9.7,9.8,20.47,0.11,8.29,0.0,2.1,8.5,13.0,166.8,0,4,44.9,45.4,3.64,0.15,2.61,0.0,6.1,13.1,18.0,95.8,0.1,4,45.4,45.9,3.68,0.15,2.66,0.0,6.2,12.9,15.0,95.6,0,0.861
edge_first,200,1,15.0,2984,2984,0,0,0,198.9,199.1,0.0,6.16,3.71,21.53,27.32,2.04,0.34,3.56,1.01,1.25,9.3,0.5,41.5,9.9,2,11.3,22.6,21.4,0.14,9.05,0.0,5.1,17.6,26.0,166.8,0,4,44.4,88.4,4.17,0.33,2.87,0.0,12.7,23.1,30.7,95.6,0,4,44.2,88.1,4.25,0.39,2.84,0.0,12.4,22.5,29.9,95.6,0,0.892
edge_first,300,1,15.0,4398,4398,0,0,0,293.2,293.2,0.0,5.98,3.64,20.66,27.51,2.09,0.34,3.53,0.92,1.18,10.5,0.5,50.2,9.7,2,10.7,31.4,21.6,0.12,9.29,0.0,7.3,23.1,29.0,166.7,0,4,45.0,131.9,4.07,0.35,2.84,0.0,18.8,30.4,37.9,95.7,0,4,44.3,129.9,4.14,0.38,2.83,0.0,18.3,29.3,34.7,95.7,0.1,0.887
edge_first,400,1,15.0,6171,6171,0,0,0,411.4,411.2,0.0,8.89,4.86,28.15,51.26,3.78,1.77,4.66,1.24,1.22,12.3,0.5,64.2,9.8,2,11.1,45.5,25.88,0.65,12.72,0.0,14.4,31.7,40.5,166.8,0,4,44.2,181.9,6.62,1.7,3.66,0.0,32.9,38.3,47.6,95.7,0,4,44.7,183.8,6.93,2.11,3.66,0.0,33.6,39.4,44.7,95.7,0.1,0.902
edge_first,500,1,15.0,7655,7655,0,0,0,510.3,510.7,0.0,21.53,9.65,72.21,212.45,6.62,12.29,6.22,1.86,1.16,12.9,0.5,79.6,10.1,2,10.5,53.6,31.84,1.71,16.88,0.0,22.8,37.9,46.0,166.9,0.2,4,44.4,227.1,19.17,12.36,4.92,0.0,55.8,48.3,56.4,95.7,3.0,4,45.1,230.0,21.45,14.69,5.01,0.0,56.4,47.0,53.9,95.7,6.1,0.891
edge_first,600,1,15.0,8840,8659,181,49,132,589.3,577.5,2.05,55.73,15.36,280.26,748.9,7.94,45.24,7.15,2.02,1.32,12.9,0.6,84.9,9.8,2,11.7,69.1,36.34,3.32,19.57,0.0,34.0,48.3,62.6,166.8,0.2,4,44.0,250.3,55.99,48.47,5.52,3.14,69.3,52.1,58.8,95.8,15.7,4,44.3,258.1,60.67,53.32,5.43,1.51,70.6,52.8,59.8,96.0,15.5,0.921
edge_first,700,1,15.0,10502,9353,1149,582,567,700.1,618.4,10.94,149.26,51.33,675.59,927.5,11.44,136.36,8.77,2.7,1.43,13.9,0.5,96.0,10.2,2,11.6,81.1,45.05,7.14,23.55,0.0,46.6,54.2,64.7,166.6,0.1,4,44.8,276.9,168.41,159.46,6.36,11.37,91.5,58.4,65.1,96.0,69.5,4,43.6,260.3,161.1,151.72,6.76,13.41,92.4,55.7,64.4,95.9,64.3,0.928
least_loaded,100,1,15.0,1516,1516,0,0,0,101.1,101.1,0.0,10.13,12.55,19.84,22.95,1.28,0.15,3.14,0.85,5.99,5.2,0.6,24.9,10.1,6,54.4,55.1,15.49,0.18,3.47,0.0,4.8,20.4,27.0,166.8,0,2,22.4,22.7,3.86,0.13,2.86,0.0,3.3,7.7,10.0,95.7,0,2,23.2,23.4,3.6,0.12,2.63,0.0,3.1,7.2,9.0,95.6,0.1,0.958
least_loaded,200,1,15.0,2984,2984,0,0,0,198.9,199.1,0.0,10.27,12.29,20.24,25.18,1.6,0.18,3.29,0.78,6.02,7.2,0.5,38.4,9.8,6,54.6,108.8,15.65,0.21,3.69,0.0,10.1,36.1,46.7,166.6,0,2,22.8,45.3,3.75,0.15,2.8,0.0,6.4,12.2,16.0,95.6,0,2,22.6,44.9,3.82,0.15,2.82,0.0,6.4,12.4,15.9,95.7,0,0.95
least_loaded,300,1,15.0,4395,4395,0,0,0,293.0,293.1,0.0,10.78,12.45,21.45,28.37,2.02,0.27,3.5,0.81,6.19,8.6,0.5,47.9,10.0,6,56.2,164.7,16.03,0.33,3.92,0.0,16.4,49.6,57.7,166.9,0,2,22.5,65.8,4.13,0.19,3.01,0.0,9.9,16.6,19.0,95.6,0,2,21.3,62.5,3.95,0.21,2.91,0.0,9.1,14.9,18.0,95.7,0,0.928
least_loaded,400,1,15.0,6171,6171,0,0,0,411.4,411.4,0.0,14.4,13.16,31.64,93.26,3.72,2.27,4.87,1.19,6.08,10.4,0.5,64.5,9.9,6,55.2,227.1,20.16,2.55,5.47,0.0,30.9,68.2,75.0,166.7,0.3,2,22.5,92.5,8.64,3.2,4.06,0.0,18.5,21.9,25.8,95.7,0,2,22.3,91.9,5.98,0.67,4.18,0.0,19.1,22.2,26.7,95.6,0.1,0.941
least_loaded,500,1,15.0,7654,7654,0,0,0,510.3,510.6,0.0,13.23,13.63,28.51,42.0,3.55,1.2,4.68,1.17,6.18,11.5,0.5,71.9,9.9,6,56.2,286.9,18.89,1.57,5.2,0.0,37.5,78.1,88.2,166.7,0.9,2,21.5,109.7,6.0,0.71,4.04,0.0,22.4,24.9,28.7,95.8,0.3,2,22.4,114.1,5.93,0.74,3.99,0.0,22.7,25.3,32.4,95.7,0.1,0.938
least_loaded,600,1,15.0,8838,8838,0,0,0,589.2,589.7,0.0,29.14,18.09,87.16,257.77,6.75,13.63,7.26,2.07,6.18,13.9,0.5,89.0,9.9,6,56.1,330.5,42.0,20.95,8.07,0.0,66.5,96.8,109.5,167.0,7.6,2,22.0,129.3,12.36,4.06,6.02,0.0,38.5,30.6,35.7,95.7,0.5,2,21.9,129.8,13.0,4.47,6.43,0.0,41.6,31.5,36.4,95.7,0.3,0.938
least_loaded,700,1,15.0,10502,10150,352,158,194,700.1,679.9,3.35,90.0,27.43,484.87,762.53,8.54,73.28,8.23,2.6,5.9,15.6,0.5,96.3,9.7,6,55.3,366.2,150.87,128.03,9.31,6.07,87.7,103.4,114.3,167.2,63.8,2,22.4,156.7,18.61,8.95,7.04,0.0,55.3,34.5,40.4,95.7,0.9,2,22.4,156.9,20.19,10.58,6.92,0.0,55.0,34.2,40.4,95.7,1.1,0.949
edge_first,100,2,15.0,1495,1495,0,0,0,99.7,99.7,0.0,5.18,3.16,19.45,23.5,1.15,0.15,2.99,0.73,1.31,4.5,0.5,20.4,9.8,2,11.8,11.8,19.72,0.12,7.76,0.0,2.4,9.6,14.0,166.8,0,4,46.0,45.9,3.21,0.17,2.32,0.0,5.3,12.2,15.0,95.6,0,4,42.1,42.0,3.24,0.13,2.39,0.0,5.1,11.4,15.7,95.7,0,0.91
edge_first,200,2,15.0,2916,2916,0,0,0,194.4,194.5,0.0,5.56,3.34,20.22,25.28,1.71,0.25,3.29,0.81,1.2,7.4,0.6,35.9,9.8,2,10.9,21.2,20.99,0.1,8.87,0.0,4.7,16.9,25.0,166.6,0,4,43.4,84.5,3.67,0.27,2.61,0.0,10.9,21.5,25.7,95.7,0,4,45.6,88.7,3.66,0.27,2.6,0.0,11.6,22.6,25.0,95.7,0.1,0.897
edge_first,300,2,15.0,4513,4513,0,0,0,300.9,300.9,0.0,5.81,3.37,21.12,28.3,1.99,0.37,3.48,0.77,1.2,8.8,0.5,47.7,9.6,2,10.9,32.9,21.91,0.34,9.65,0.0,7.7,23.2,32.0,166.8,0.1,4,44.7,134.5,3.87,0.4,2.73,0.0,18.2,30.0,35.0,95.7,0,4,44.3,133.4,3.8,0.35,2.71,0.0,17.7,29.7,32.0,95.7,0.1,0.9
edge_first,400,2,15.0,5961,5961,0,0,0,397.4,397.3,0.0,7.22,4.15,23.69,34.84,3.08,0.89,4.11,1.04,1.18,10.8,0.5,61.0,9.7,2,10.7,42.6,23.78,0.32,11.09,0.0,11.9,29.8,38.5,166.8,0,4,44.8,178.1,5.51,1.11,3.35,0.0,29.8,38.9,43.6,95.6,0.3,4,44.4,176.6,4.95,0.8,3.2,0.0,28.6,37.9,42.7,95.7,0.1,0.892
edge_first,500,2,15.0,7456,7456,0,0,0,497.1,496.8,0.0,9.51,5.69,29.77,49.15,4.1,2.24,4.82,1.21,1.23,11.7,0.5,71.7,9.7,2,11.2,55.6,26.7,0.81,13.3,0.0,18.8,38.7,48.5,166.8,0,4,44.6,221.5,7.72,2.82,3.74,0.0,41.4,44.7,54.7,95.6,0.7,4,44.3,219.7,6.96,2.02,3.77,0.0,41.6,44.1,48.4,95.7,0.5,0.909
edge_first,600,2,15.0,8990,8990,0,0,0,599.3,598.3,0.0,16.92,9.99,51.54,103.99,6.0,8.04,5.98,1.68,1.21,13.0,0.5,84.7,9.8,2,11.0,66.0,31.38,1.53,16.82,0.0,27.4,45.0,54.3,166.8,0,4,44.0,262.9,14.81,8.44,4.71,0.0,61.2,52.4,60.0,95.8,2.5,4,45.0,269.4,15.43,9.24,4.58,0.0,61.0,53.5,57.4,95.7,3.7,0.908
edge_first,700,2,15.0,10484,10484,0,0,0,698.9,701.0,0.0,49.5,20.48,234.14,480.23,8.06,39.6,6.68,1.99,1.24,13.6,0.6,93.5,9.8,2,11.2,78.7,36.24,3.64,19.0,0.0,38.0,52.2,60.1,166.8,0.4,4,44.5,312.0,46.52,39.46,5.12,0.0,80.1,58.1,62.6,95.8,9.7,4,44.2,310.3,55.87,48.87,5.12,0.0,79.2,58.1,64.3,95.9,9.0,0.918
least_loaded,100,2,15.0,1495,1495,0,0,0,99.7,99.7,0.0,10.08,12.39,19.83,23.99,1.22,0.14,3.19,0.8,5.94,4.8,0.5,21.4,9.8,6,54.0,53.9,15.5,0.16,3.56,0.0,4.9,20.1,28.9,166.6,0,2,24.3,24.3,3.59,0.14,2.65,0.0,3.2,7.4,11.0,95.7,0,2,21.6,21.5,3.82,0.12,2.88,0.0,3.1,7.1,11.0,95.7,0,0.955
least_loaded,200,2,15.0,2916,2916,0,0,0,194.4,194.4,0.0,10.54,12.43,20.77,28.46,1.76,0.22,3.45,0.84,6.05,7.6,0.5,36.7,9.7,6,55.0,107.0,15.92,0.25,3.88,0.0,10.4,36.3,45.7,166.6,0.1,2,20.7,40.3,3.96,0.15,2.95,0.0,5.9,11.5,14.0,95.6,0,2,24.2,47.1,3.97,0.19,2.89,0.0,6.8,13.1,17.0,95.7,0,0.939
least_loaded,300,2,15.0,4513,4513,0,0,0,300.9,300.9,0.0,10.94,12.51,22.19,30.33,2.24,0.33,3.76,0.8,6.06,9.1,0.6,49.7,9.7,6,55.1,165.8,16.36,0.39,4.21,0.0,17.2,51.5,59.5,166.8,0,2,22.9,68.9,4.23,0.27,3.16,0.0,10.5,17.3,21.0,95.7,0.1,2,22.0,66.3,4.37,0.24,3.25,0.0,10.6,16.8,19.0,95.7,0,0.942
least_loaded,400,2,15.0,5961,5961,0,0,0,397.4,397.5,0.0,12.87,13.5,27.82,38.06,3.36,0.78,4.71,1.13,6.25,11.0,0.5,64.1,9.7,6,56.7,225.5,18.35,1.01,5.23,0.0,29.4,68.3,76.4,166.8,0.1,2,22.3,88.8,5.71,0.51,4.08,0.0,17.9,22.3,26.0,95.7,0.1,2,21.0,83.3,5.65,0.46,3.97,0.0,16.7,20.9,24.7,95.8,0,0.933
least_loaded,500,2,15.0,7456,7456,0,0,0,497.1,496.8,0.0,16.29,14.51,39.28,63.21,4.96,2.61,5.99,1.64,6.05,12.6,0.5,77.3,9.8,6,55.0,273.4,22.91,3.53,6.81,0.0,47.0,82.3,91.8,166.6,0.6,2,22.5,111.7,8.28,1.56,4.98,0.0,27.8,26.6,30.7,95.7,0,2,22.5,111.7,8.11,1.42,4.99,0.0,28.0,26.4,33.4,95.8,0.1,0.935
least_loaded,600,2,15.0,8989,8989,0,0,0,599.3,601.2,0.0,32.97,18.79,110.97,288.42,7.13,17.12,7.54,2.15,6.16,13.1,0.5,88.0,9.7,6,55.9,336.7,48.39,26.93,8.34,0.0,70.5,94.8,107.1,166.8,6.5,2,22.0,131.8,14.24,5.56,6.52,0.0,42.9,29.9,35.6,95.7,0.4,2,22.1,132.7,12.6,3.81,6.52,0.0,43.8,32.1,34.5,95.7,0.4,0.944
least_loaded,700,2,15.0,10481,9690,791,387,404,698.7,634.9,7.55,75.87,27.92,306.08,862.28,9.03,58.46,9.0,2.63,5.79,13.3,0.5,95.0,9.8,6,56.2,329.4,126.57,102.72,10.33,13.44,88.8,101.3,109.0,167.2,73.5,2,21.8,152.5,19.39,9.07,7.53,0.0,56.4,34.4,41.9,95.7,1.1,2,22.0,153.1,19.89,9.64,7.54,0.0,57.0,34.8,44.4,95.6,1.1,0.952
edge_first,100,3,15.0,1561,1561,0,0,0,104.1,104.0,0.0,5.29,3.47,19.62,23.64,1.3,0.16,3.18,0.86,1.08,5.3,0.5,22.7,9.7,2,9.7,10.1,20.3,0.12,8.12,0.0,2.1,8.7,13.0,166.8,0,4,43.9,45.7,3.73,0.19,2.71,0.0,6.2,13.5,18.0,95.7,0.1,4,46.3,48.2,3.61,0.15,2.59,0.0,6.3,13.8,19.0,95.6,0,0.86
edge_first,200,3,15.0,2925,2925,0,0,0,195.0,194.9,0.0,6.28,3.81,21.98,27.79,2.05,0.31,3.73,0.98,1.26,8.7,0.6,41.5,9.9,2,11.5,22.3,22.07,0.22,9.67,0.0,5.4,18.3,26.0,166.8,0,4,44.8,87.3,4.21,0.35,2.9,0.0,12.7,23.5,27.9,95.7,0.1,4,43.8,85.3,4.27,0.3,3.02,0.0,13.0,23.6,27.7,95.6,0,0.896
edge_first,300,3,15.0,4610,4610,0,0,0,307.3,307.2,0.0,7.08,4.28,23.04,32.52,2.67,0.5,4.23,1.02,1.33,10.7,0.6,55.9,9.8,2,12.1,37.1,23.46,0.31,10.99,0.0,10.1,28.7,36.6,166.8,0,4,44.6,136.9,4.66,0.46,3.22,0.0,21.9,33.7,40.7,95.7,0,4,43.3,133.1,4.98,0.6,3.38,0.0,22.5,33.1,38.4,95.6,0.1,0.911
edge_first,400,3,15.0,6016,6016,0,0,0,401.1,400.9,0.0,9.05,5.43,27.69,41.58,3.81,1.59,4.89,1.29,1.27,12.1,0.5,68.1,9.8,2,11.5,46.1,25.93,0.48,12.79,0.0,14.7,34.9,51.5,166.8,0,4,44.4,177.9,7.19,2.0,3.91,0.0,34.1,42.1,51.1,95.6,0.5,4,44.1,177.0,6.51,1.47,3.82,0.0,33.8,41.8,48.6,95.7,0,0.902
edge_first,500,3,15.0,7553,7553,0,0,0,503.5,504.3,0.0,15.42,8.68,48.53,90.09,5.9,6.43,6.05,1.73,1.21,13.2,0.6,80.5,9.8,2,10.9,55.1,31.08,1.45,16.44,0.0,23.0,41.2,51.2,166.8,0,4,44.3,223.7,12.21,5.8,4.74,0.0,53.8,50.3,57.4,95.7,1.4,4,44.8,225.5,14.77,8.27,4.81,0.0,54.8,51.1,59.4,95.8,2.1,0.898
edge_first,600,3,15.0,8991,8991,0,0,0,599.4,600.3,0.0,22.54,10.05,81.7,228.51,6.36,13.43,6.17,1.71,1.23,13.7,0.5,87.7,9.8,2,11.2,67.0,35.16,4.01,17.87,0.0,30.6,47.6,58.2,166.8,0,4,44.4,266.9,19.26,12.93,4.7,0.0,63.3,54.8,60.4,95.8,2.5,4,44.4,266.3,22.65,16.32,4.69,0.0,63.4,54.4,60.5,95.7,3.2,0.92
edge_first,700,3,15.0,10738,10683,55,24,31,715.9,711.6,0.51,59.19,20.81,251.84,668.56,8.16,49.21,6.8,1.94,1.24,13.6,0.6,94.5,9.8,2,11.2,80.3,38.88,5.04,20.36,0.0,40.6,53.7,64.1,166.8,0.2,4,44.1,311.5,71.76,64.8,5.1,1.16,79.1,58.0,67.2,95.9,20.1,4,44.7,319.9,52.05,45.11,5.06,0.0,80.7,58.5,63.1,95.9,14.3,0.928
least_loaded,100,3,15.0,1561,1561,0,0,0,104.1,104.0,0.0,10.14,12.49,19.63,24.4,1.3,0.15,3.09,0.84,6.06,4.9,0.6,22.9,9.8,6,55.0,57.1,15.46,0.15,3.43,0.0,4.9,20.1,25.0,166.6,0,2,21.8,22.7,3.78,0.16,2.79,0.0,3.1,6.9,11.0,95.7,0,2,23.3,24.2,3.53,0.11,2.56,0.0,3.1,7.3,11.0,95.7,0,0.952
least_loaded,200,3,15.0,2925,2925,0,0,0,195.0,194.9,0.0,10.61,12.58,21.07,27.24,1.72,0.19,3.41,0.83,6.17,7.4,0.5,35.8,9.7,6,56.3,109.6,15.86,0.23,3.81,0.0,10.4,37.4,46.7,166.8,0,2,21.4,41.8,3.87,0.17,2.89,0.0,6.0,11.4,13.0,95.7,0,2,22.3,43.5,3.84,0.14,2.89,0.0,6.2,12.2,16.0,95.6,0,0.934
least_loaded,300,3,15.0,4610,4610,0,0,0,307.3,307.1,0.0,10.98,12.53,22.13,28.56,2.23,0.3,3.76,0.83,6.09,9.4,0.5,51.0,9.7,6,55.4,170.1,16.37,0.34,4.26,0.0,18.2,54.7,62.6,166.8,0.1,2,22.7,69.7,4.26,0.3,3.1,0.0,10.7,17.2,20.7,95.7,0,2,21.9,67.3,4.29,0.21,3.19,0.0,10.7,17.1,20.0,95.8,0,0.933
least_loaded,400,3,15.0,6014,6014,0,0,0,400.9,400.9,0.0,14.68,13.98,32.2,65.87,4.03,1.83,5.37,1.38,6.1,12.3,0.5,68.6,9.6,6,55.4,222.1,21.06,2.68,6.06,0.0,33.7,72.9,83.1,166.9,0.2,2,22.7,90.7,6.8,0.71,4.57,0.0,21.0,23.7,29.7,95.7,0.2,2,21.9,88.0,6.73,0.84,4.49,0.0,19.7,23.1,29.7,95.6,0,0.939
least_loaded,500,3,15.0,7551,7551,0,0,0,503.4,503.2,0.0,17.65,14.93,43.83,77.56,5.11,3.69,6.22,1.67,6.07,12.5,0.6,78.3,9.8,6,55.1,277.4,24.67,5.05,6.99,0.0,48.6,83.1,96.8,166.9,2.4,2,22.4,112.9,9.47,2.37,5.31,0.0,30.0,28.1,35.7,95.7,0,2,22.5,112.9,8.6,1.67,5.24,0.0,29.6,28.0,34.4,95.6,0.3,0.943
least_loaded,600,3,15.0,8989,8989,0,0,0,599.3,597.7,0.0,37.74,20.37,126.13,385.01,7.56,21.28,8.05,2.37,6.04,13.9,0.5,91.4,9.7,6,55.0,327.7,56.71,34.43,8.95,0.0,73.1,96.5,108.8,166.9,12.1,2,22.1,132.7,15.23,5.74,7.05,0.0,46.3,33.1,40.2,95.8,0.9,2,22.9,137.4,13.98,4.75,6.87,0.0,46.9,33.5,42.1,95.8,0.2,0.951
least_loaded,700,3,15.0,10738,10219,519,284,235,715.9,683.7,4.83,127.78,32.32,707.69,933.71,9.02,110.77,8.54,2.53,5.93,14.1,0.5,97.5,9.7,6,56.1,369.4,221.66,198.49,9.66,8.62,93.8,106.0,112.5,167.4,95.3,2,21.8,155.7,17.86,7.94,7.29,0.0,57.1,34.6,39.4,95.7,0.5,2,22.2,158.6,18.7,8.97,7.2,0.0,57.6,34.8,38.4,95.7,1.6,0.942
